date,e_a,T_max,T_min,RH_mean,RH_max,RH_min,P,U_z,rain_mm,n_sun,R_s,eto
2019-01-01,1.12,12.3,10.6,80.0,98.0,48.0,85.02,0.6,0.0,5.0,12.53,1.7
2019-01-02,1.16,13.8,10.6,88.0,98.0,69.0,85.09,0.6,0.0,5.0,12.55,1.76
2019-01-03,1.2,15.2,10.5,82.0,98.0,50.0,85.13,0.6,0.0,4.0,11.37,1.7
2019-01-04,1.17,13.3,10.9,80.0,98.0,43.0,85.21,0.6,0.0,4.8,12.35,1.73
2019-01-05,1.16,13.1,10.9,78.0,98.0,43.0,85.29,0.8,0.0,5.0,12.62,1.76
2019-01-06,1.16,13.1,10.9,78.0,98.0,43.0,85.29,0.8,0.0,5.0,12.64,1.77
2019-01-07,1.18,13.2,9.7,57.0,96.0,25.0,85.22,1.7,0.0,6.6,14.61,1.85
2019-01-08,1.07,13.0,7.9,52.0,96.0,20.0,85.27,2.1,0.0,7.0,15.12,1.9
2019-01-09,0.83,13.1,5.8,50.0,98.0,18.0,85.44,1.9,0.0,3.0,10.29,1.85
2019-01-10,1.12,15.3,9.0,58.0,98.0,29.0,85.39,1.1,0.0,6.0,13.97,1.98
2019-01-11,1.41,16.0,12.1,74.0,98.0,48.0,85.18,2.1,7.1,8.8,17.43,2.25
2019-01-12,1.28,14.6,11.5,86.0,98.0,58.0,85.29,0.6,0.0,6.0,14.04,1.94
2019-01-13,1.21,13.6,11.2,82.0,98.0,48.0,85.37,0.6,0.0,5.4,13.34,1.85
2019-01-14,1.24,14.4,11.3,62.0,98.0,34.0,85.3,0.8,1.4,6.0,14.11,1.96
2019-01-15,1.38,15.7,12.1,68.0,98.0,47.0,85.37,1.4,0.0,10.8,20.07,2.53
2019-01-16,1.28,14.6,11.7,66.0,98.0,38.0,85.33,0.6,0.0,7.8,16.42,2.19
2019-01-17,1.38,15.1,12.6,68.0,96.0,45.0,85.35,1.5,0.0,10.8,20.18,2.53
2019-01-18,1.26,13.6,10.8,67.0,96.0,43.0,85.22,0.6,0.0,7.4,16.02,2.08
2019-01-19,1.17,14.7,10.0,83.0,98.0,48.0,85.26,0.7,0.0,3.0,10.58,1.66
2019-01-20,0.98,10.7,9.0,60.0,85.0,38.0,85.41,2.4,0.0,6.0,14.36,1.91
2019-01-21,0.98,11.3,8.0,52.0,98.0,21.0,85.23,0.8,0.0,4.5,12.53,1.69
2019-01-22,1.06,13.0,8.9,56.0,98.0,28.0,85.17,2.0,0.0,5.0,13.2,1.91
2019-01-23,1.16,12.9,10.3,60.0,98.0,30.0,85.12,1.7,0.0,6.6,15.26,2.01
2019-01-24,1.04,11.5,8.8,55.0,98.0,26.0,85.04,3.0,0.0,5.4,13.8,1.84
2019-01-25,1.02,12.3,8.6,56.0,98.0,25.0,85.12,3.7,0.0,3.4,11.31,1.85
2019-01-26,1.11,12.0,10.2,80.0,99.0,43.0,85.16,1.7,0.0,3.0,10.84,1.66
2019-01-27,0.84,9.5,7.0,71.0,97.0,31.0,85.24,1.6,0.0,1.0,8.33,1.46
2019-01-28,0.68,9.3,4.8,45.0,87.0,16.0,84.99,3.8,0.0,1.0,8.37,1.93
2019-01-29,0.87,10.4,7.5,54.0,95.0,23.0,84.95,3.0,0.0,1.0,8.4,1.68
2019-01-30,0.89,11.8,7.7,55.0,97.0,28.0,85.03,3.3,0.0,1.5,9.08,1.9
2019-01-31,1.02,11.7,9.3,61.0,98.0,34.0,85.15,2.9,0.0,2.8,10.79,1.79
2019-02-01,1.05,11.6,9.3,59.0,98.0,31.0,85.21,2.5,0.0,3.0,11.1,1.72
2019-02-02,0.99,10.4,9.5,79.0,99.0,41.0,85.23,0.6,0.0,2.4,10.36,1.57
2019-02-03,0.88,9.6,6.9,70.0,95.0,22.0,85.12,1.5,0.0,1.0,8.58,1.42
2019-02-04,0.73,8.9,5.4,44.0,92.0,15.0,85.03,2.6,0.0,1.0,8.62,1.67
2019-02-05,0.89,11.4,6.9,49.0,92.0,18.0,85.04,2.3,0.0,2.0,9.97,1.75
2019-02-06,0.94,11.4,6.5,50.0,95.0,17.0,85.07,3.2,0.0,4.0,12.64,1.81
2019-02-07,0.97,10.9,8.0,51.0,95.0,20.0,85.05,2.8,0.0,3.5,12.03,1.78
2019-02-08,1.05,12.8,9.1,51.0,89.0,25.0,85.11,3.3,0.0,5.0,14.06,2.11
2019-02-09,1.25,13.5,11.2,71.0,94.0,37.0,85.34,0.8,0.0,8.0,18.11,2.42
2019-02-10,1.26,13.1,12.4,74.0,96.0,39.0,85.3,0.8,0.0,7.0,16.84,2.34
2019-02-11,1.21,13.3,9.1,66.0,96.0,27.0,85.14,0.8,0.0,7.0,16.91,2.21
2019-02-12,1.1,12.8,9.2,51.0,96.0,25.0,85.01,2.9,0.0,6.6,16.44,2.18
2019-02-13,1.17,14.7,9.9,56.0,96.0,28.0,85.17,4.3,0.0,7.0,17.04,2.44
2019-02-14,1.1,12.5,8.7,56.0,98.0,24.0,85.16,2.5,0.0,5.2,14.68,1.97
2019-02-15,1.0,12.0,8.3,50.0,98.0,21.0,85.05,1.8,0.0,5.0,14.46,2.06
2019-02-16,1.1,12.1,9.7,71.0,98.0,30.0,85.04,1.8,0.0,5.2,14.79,2.05
2019-02-17,1.06,11.9,8.7,67.0,96.0,26.0,85.13,1.0,0.0,5.0,14.58,2.01
2019-02-18,1.05,11.5,9.4,59.0,98.0,25.0,85.1,3.2,0.0,4.0,13.27,1.95
2019-02-19,1.24,13.2,10.6,67.0,98.0,35.0,85.06,3.4,0.0,7.0,17.44,2.16
2019-02-20,1.17,13.4,6.7,61.0,98.0,20.0,84.88,2.8,0.0,6.4,16.68,1.89
2019-02-21,1.14,12.6,9.5,61.0,89.0,30.0,84.91,2.6,0.0,8.8,20.06,2.44
2019-02-22,0.97,10.4,9.0,63.0,85.0,31.0,85.17,2.6,0.0,6.4,16.81,2.23
2019-02-23,1.33,14.4,11.1,70.0,90.0,36.0,85.33,1.3,0.0,10.0,21.87,2.83
2019-02-24,1.33,14.4,11.1,70.0,90.0,36.0,85.33,1.3,0.0,10.0,21.95,2.85
2019-02-25,1.29,14.6,11.3,59.0,94.0,28.0,85.31,1.7,0.0,9.0,20.63,2.76
2019-02-26,1.23,14.1,8.1,58.0,96.0,18.0,85.32,1.1,0.0,8.0,19.31,2.47
2019-02-27,1.05,11.8,8.2,47.0,82.0,18.0,85.23,0.9,0.0,7.6,18.81,2.43
2019-02-28,1.34,14.3,12.2,63.0,98.0,29.0,85.09,2.9,0.0,8.0,19.44,2.55
2019-03-01,1.44,17.2,11.3,62.0,98.0,30.0,85.15,2.0,0.0,13.0,26.58,3.46
2019-03-02,1.44,15.4,12.7,78.0,98.0,36.0,85.3,0.6,0.0,10.2,22.7,3.22
2019-03-03,1.44,15.4,12.7,78.0,98.0,36.0,85.3,0.6,0.0,10.2,22.78,3.23
2019-03-04,1.28,15.3,10.7,54.0,98.0,28.0,85.05,2.3,0.0,8.6,20.57,2.8
2019-03-05,1.1,11.9,9.8,49.0,93.0,23.0,85.13,3.6,0.0,6.0,16.92,2.24
2019-03-06,0.9,11.5,6.2,41.0,85.0,14.0,85.33,1.6,0.0,6.4,17.56,2.34
2019-03-07,1.1,13.4,9.2,47.0,89.0,21.0,85.29,2.0,0.0,7.0,18.48,2.55
2019-03-08,1.09,13.0,7.9,46.0,88.0,17.0,85.08,3.1,0.0,7.2,18.83,2.37
2019-03-09,1.12,12.1,9.7,65.0,96.0,25.0,85.03,0.7,0.0,6.0,17.15,2.4
2019-03-10,1.06,12.8,7.7,61.0,94.0,21.0,85.08,0.6,0.0,6.2,17.5,2.42
2019-03-11,1.15,13.8,9.3,48.0,96.0,21.0,85.04,1.3,0.0,7.2,19.01,2.64
2019-03-12,0.9,11.6,5.9,42.0,83.0,15.0,85.09,3.8,0.0,5.8,17.03,2.31
2019-03-13,1.08,12.5,9.3,52.0,98.0,26.0,84.98,4.2,0.0,5.6,16.79,2.33
2019-03-14,1.12,13.1,10.1,51.0,96.0,28.0,84.99,3.9,0.0,5.4,16.55,2.42
2019-03-15,1.1,13.3,10.1,50.0,95.0,26.0,84.97,3.8,0.0,4.4,15.14,2.4
2019-03-16,1.31,14.7,11.9,72.0,97.0,39.0,85.19,2.8,0.0,7.3,19.44,2.72
2019-03-17,1.27,13.4,11.9,66.0,88.0,40.0,85.24,1.5,0.0,8.0,20.52,2.84
2019-03-18,1.28,14.0,11.7,58.0,98.0,35.0,85.0,5.0,0.0,6.8,18.81,2.49
2019-03-19,0.89,11.2,6.1,47.0,98.0,16.0,85.02,3.1,0.0,3.4,13.84,2.09
2019-03-20,0.79,9.5,5.8,42.0,86.0,16.0,85.11,2.8,0.0,3.0,13.29,2.06
2019-03-21,0.84,10.4,5.9,40.0,87.0,15.0,85.13,3.6,0.0,4.0,14.81,2.19
2019-03-22,1.01,12.0,8.6,49.0,98.0,24.0,85.15,3.9,0.0,4.0,14.85,2.25
2019-03-23,1.17,13.6,10.6,73.0,98.0,38.0,85.33,1.2,0.0,4.8,16.08,2.45
2019-03-24,1.04,11.4,8.3,64.0,93.0,22.0,85.39,0.6,0.0,4.8,16.12,2.29
2019-03-25,0.87,9.8,7.5,37.0,82.0,16.0,85.1,2.0,0.0,4.6,15.87,2.27
2019-03-26,0.89,11.8,5.7,37.0,77.0,12.0,85.07,2.8,0.0,6.4,18.59,2.51
2019-03-27,0.94,11.6,7.9,38.0,72.0,17.0,85.21,3.2,0.0,5.6,17.44,2.51
2019-03-28,0.91,11.8,6.9,37.0,77.0,16.0,85.26,3.2,0.0,7.0,19.58,2.67
2019-03-29,0.79,9.8,5.8,35.0,74.0,13.0,85.04,4.1,0.0,5.0,16.62,2.39
2019-03-30,0.99,11.1,7.9,59.0,87.0,20.0,84.98,0.8,0.0,4.8,16.35,2.32
2019-03-31,0.95,10.1,8.9,53.0,80.0,22.0,85.02,0.8,0.0,5.4,17.29,2.44
2019-04-01,0.93,12.4,6.8,43.0,96.0,18.0,85.13,1.9,0.0,5.8,17.93,2.57
2019-04-02,0.72,8.9,5.5,34.0,77.0,14.0,85.21,3.2,0.0,3.4,14.34,2.27
2019-04-03,0.76,10.0,5.9,36.0,75.0,15.0,85.31,3.0,0.0,4.2,15.58,2.42
2019-04-04,0.89,9.9,8.2,40.0,80.0,21.0,85.38,3.5,0.0,4.4,15.91,2.35
2019-04-05,0.9,10.1,8.0,38.0,69.0,20.0,85.11,3.5,0.0,5.8,18.06,2.48
2019-04-06,1.01,11.0,9.1,34.0,77.0,26.0,85.1,1.1,0.0,7.0,19.91,2.73
2019-04-07,1.03,11.5,9.0,64.0,95.0,25.0,85.08,1.7,0.0,3.0,13.88,2.14
2019-04-08,0.75,10.0,5.2,34.0,71.0,12.0,85.09,1.7,0.0,4.0,15.42,2.3
2019-04-09,0.79,10.1,4.8,34.0,72.0,10.0,85.07,1.5,0.0,4.4,16.05,2.26
2019-04-10,0.95,11.7,8.4,39.0,72.0,20.0,84.97,4.4,0.0,5.0,16.99,2.57
2019-04-11,0.92,10.9,7.0,42.0,91.0,16.0,84.78,4.1,0.0,5.0,17.02,2.34
2019-04-12,0.92,10.7,7.3,42.0,83.0,20.0,84.7,3.9,0.0,5.0,17.04,2.36
2019-04-13,1.32,16.4,10.9,74.0,94.0,44.0,84.82,2.7,0.0,4.8,16.76,2.66
2019-04-14,1.02,10.9,8.4,61.0,95.0,22.0,84.95,0.6,0.0,4.0,15.56,2.28
2019-04-15,0.81,9.5,5.8,34.0,72.0,13.0,84.99,3.2,0.0,5.4,17.72,2.39
2019-04-16,0.87,11.1,6.2,34.0,76.0,14.0,85.18,3.6,0.0,8.0,21.7,2.78
2019-04-17,0.92,10.3,7.8,37.0,74.0,18.0,85.1,4.4,0.0,5.8,18.37,2.45
2019-04-18,0.94,12.0,5.8,38.0,87.0,13.0,84.84,3.7,0.0,6.0,18.69,2.45
2019-04-19,0.93,13.2,6.0,37.0,83.0,13.0,84.99,1.1,0.0,6.0,18.71,2.69
2019-04-20,1.26,13.6,11.6,60.0,92.0,28.0,85.28,1.4,0.0,7.5,21.02,3.02
2019-04-21,0.86,10.2,6.7,43.0,72.0,16.0,85.32,1.4,0.0,7.4,20.88,2.76
2019-04-22,1.11,13.7,9.2,48.0,82.0,20.0,85.2,2.7,0.0,7.0,20.29,2.86
2019-04-23,1.16,13.6,8.6,49.0,82.0,20.0,85.02,3.0,0.0,9.0,23.36,2.91
2019-04-24,1.11,13.6,8.8,49.0,82.0,20.0,84.97,2.0,0.0,8.0,21.84,3.0
2019-04-25,1.03,12.5,7.4,51.0,82.0,17.0,85.04,2.2,0.0,9.0,23.38,2.98
2019-04-26,0.93,10.8,6.9,43.0,77.0,13.0,85.15,0.8,0.0,7.6,21.26,2.85
2019-04-27,1.04,11.4,9.0,51.0,78.0,21.0,85.22,0.9,0.0,8.6,22.8,3.1
2019-04-28,1.04,11.4,9.0,51.0,78.0,21.0,85.22,0.9,0.0,8.6,22.81,3.1
2019-04-29,1.1,12.5,9.7,41.0,65.0,18.0,85.09,1.2,0.0,10.0,24.95,3.39
2019-04-30,1.25,14.2,9.5,47.0,79.0,17.0,85.04,2.0,0.0,10.4,25.57,3.29
2019-05-01,1.14,12.2,10.8,50.0,79.0,21.0,85.08,0.9,0.0,9.0,23.44,3.3
2019-05-02,1.15,14.4,9.1,45.0,74.0,17.0,85.08,2.8,0.0,8.6,22.84,3.1
2019-05-03,0.91,10.5,7.9,41.0,69.0,18.0,85.06,1.1,0.0,9.0,23.45,3.11
2019-05-04,0.91,10.5,7.9,41.0,69.0,18.0,85.06,1.1,0.0,9.0,23.46,3.11
2019-05-05,1.23,13.5,9.2,54.0,86.0,23.0,84.87,1.9,0.0,9.4,24.07,3.08
2019-05-06,0.78,9.8,5.8,32.0,72.0,14.0,84.99,3.4,0.0,7.2,20.72,2.76
2019-05-07,0.79,9.3,5.1,32.0,74.0,10.0,85.04,4.0,0.0,4.4,16.46,2.27
2019-05-08,0.81,10.3,6.3,31.0,70.0,13.0,84.92,3.9,0.0,4.8,17.08,2.55
2019-05-09,0.85,10.6,5.5,34.0,64.0,13.0,84.76,2.9,0.0,8.0,21.95,2.76
2019-05-10,0.88,12.0,6.4,39.0,77.0,15.0,84.84,4.5,0.0,5.0,17.39,2.65
2019-05-11,1.25,13.9,11.5,57.0,91.0,31.0,84.92,2.2,0.0,6.0,18.91,2.79
2019-05-12,1.16,13.1,9.4,58.0,94.0,22.0,85.03,0.7,0.0,7.0,20.43,2.96
2019-05-13,1.09,16.6,7.2,42.0,88.0,15.0,84.93,3.1,0.0,6.8,20.13,3.15
2019-05-14,1.11,13.0,8.8,42.0,88.0,18.0,84.93,4.2,0.0,7.0,20.44,2.64
2019-05-15,0.96,11.8,7.2,39.0,81.0,15.0,84.95,3.8,0.0,6.2,19.22,2.59
2019-05-16,0.93,12.6,6.4,33.0,79.0,13.0,85.04,3.0,0.0,9.5,24.23,3.14
2019-05-17,1.22,12.2,9.8,43.0,84.0,20.0,84.98,3.5,0.0,9.0,23.47,2.65
2019-05-18,1.31,14.4,11.2,59.0,89.0,27.0,85.02,2.5,0.0,8.0,21.95,2.99
2019-05-19,1.25,14.0,9.0,54.0,92.0,17.0,84.98,2.5,0.0,8.4,22.55,2.84
2019-05-20,1.29,15.0,10.7,43.0,90.0,20.0,84.87,3.2,0.0,9.0,23.46,3.13
2019-05-21,1.18,15.2,8.6,43.0,94.0,17.0,84.73,2.9,0.0,9.2,23.76,3.2
2019-05-22,1.4,15.9,11.0,48.0,96.0,22.0,84.8,2.4,0.0,10.0,24.96,3.34
2019-05-23,1.11,15.8,6.7,40.0,96.0,12.0,84.87,2.0,0.0,9.6,24.35,3.36
2019-05-24,1.32,16.4,9.3,43.0,89.0,18.0,84.87,3.1,0.0,11.4,27.07,3.47
2019-05-25,1.43,16.2,12.1,59.0,89.0,28.0,85.03,1.5,0.0,11.4,27.06,3.87
2019-05-26,1.88,19.5,16.6,76.0,98.0,42.0,85.19,0.6,25.3,15.0,32.48,5.29
2019-05-27,1.67,19.3,13.9,55.0,91.0,33.0,84.99,2.1,0.0,15.0,32.48,4.72
2019-05-28,1.48,18.2,10.9,52.0,96.0,27.0,84.82,2.1,0.0,13.0,29.45,4.1
2019-05-29,1.73,19.3,15.3,55.0,88.0,34.0,84.7,1.9,0.0,16.4,34.57,5.13
2019-05-30,1.59,19.4,12.5,53.0,96.0,25.0,84.81,3.5,0.0,13.8,30.64,4.22
2019-05-31,1.86,21.0,16.0,62.0,91.0,34.0,84.87,1.8,8.8,15.0,32.44,5.09
2019-06-01,1.76,19.2,16.2,71.0,92.0,40.0,84.92,0.6,9.2,13.4,30.02,4.9
2019-06-02,1.91,19.8,18.3,72.0,98.0,46.0,84.91,0.6,39.0,15.0,32.42,5.43
2019-06-03,1.96,22.0,17.1,70.0,98.0,38.0,84.85,0.9,0.1,15.0,32.41,5.44
2019-06-04,1.89,20.7,16.8,66.0,96.0,45.0,84.97,3.9,0.0,15.8,33.6,4.86
2019-06-05,1.86,20.2,16.6,68.0,96.0,48.0,85.07,2.9,0.0,14.0,30.89,4.63
2019-06-06,2.03,21.6,18.8,69.0,98.0,52.0,85.04,2.3,0.0,16.0,33.88,5.45
2019-06-07,2.05,23.0,17.5,63.0,98.0,40.0,84.88,2.2,9.5,17.0,35.37,5.7
2019-06-08,1.9,19.4,18.3,81.0,96.0,57.0,85.01,2.2,0.2,12.6,28.76,4.55
2019-06-09,2.1,21.6,19.8,76.0,98.0,47.0,85.18,0.7,0.0,14.6,31.76,5.53
2019-06-10,1.8,21.7,15.2,58.0,98.0,34.0,85.22,2.4,0.0,15.0,32.35,5.04
2019-06-11,1.6,18.5,12.9,50.0,98.0,27.0,85.2,1.0,0.0,13.0,29.34,4.45
2019-06-12,2.03,22.1,17.5,66.0,98.0,44.0,85.04,2.7,30.3,16.0,33.83,5.27
2019-06-13,1.77,19.2,15.8,64.0,98.0,42.0,85.2,1.0,38.6,13.0,29.33,4.67
2019-06-14,1.85,21.1,16.2,64.0,98.0,40.0,85.18,0.9,0.0,13.0,29.33,4.87
2019-06-15,1.85,20.4,17.8,74.0,98.0,48.0,85.16,0.6,0.0,12.0,27.82,4.76
2019-06-16,1.77,18.6,17.1,67.0,91.0,46.0,85.1,1.4,0.0,15.0,32.31,5.04
2019-06-17,1.69,19.0,15.9,55.0,81.0,38.0,85.02,2.2,0.0,14.8,32.0,4.83
2019-06-18,2.0,21.5,18.6,71.0,98.0,44.0,85.14,1.2,11.3,13.8,30.5,5.17
2019-06-19,1.76,19.1,15.8,62.0,96.0,37.0,85.15,1.6,0.2,14.0,30.8,4.72
2019-06-20,1.86,23.1,16.9,59.0,98.0,37.0,85.04,2.8,0.0,12.0,27.8,4.85
2019-06-21,1.98,21.4,17.4,65.0,98.0,40.0,85.1,2.7,0.0,14.0,30.79,4.81
2019-06-22,1.76,18.4,15.7,70.0,97.0,50.0,85.2,2.7,0.0,11.0,26.3,3.84
2019-06-23,1.49,15.2,14.7,62.0,80.0,42.0,85.21,0.6,0.0,12.0,27.8,4.25
2019-06-24,1.98,20.9,18.1,66.0,91.0,50.0,84.98,3.8,0.0,17.0,35.27,5.18
2019-06-25,2.09,22.1,18.4,79.0,98.0,55.0,85.06,2.4,0.0,17.0,35.27,5.57
2019-06-26,1.87,21.0,16.8,65.0,98.0,39.0,85.1,2.4,0.0,14.0,30.78,4.85
2019-06-27,1.95,21.2,17.5,71.0,98.0,49.0,85.17,0.8,0.0,15.0,32.27,5.4
2019-06-28,1.75,19.5,15.5,58.0,98.0,38.0,85.12,1.3,0.0,14.0,30.78,4.81
2019-06-29,1.82,21.1,14.8,73.0,97.0,46.0,85.28,0.6,5.4,13.0,29.28,4.83
2019-06-30,1.69,17.2,16.4,87.0,98.0,68.0,85.34,0.6,0.0,13.0,29.28,4.67
2019-07-01,1.71,19.6,15.3,65.0,98.0,41.0,85.19,0.7,0.5,10.6,25.69,4.25
2019-07-02,1.61,18.3,14.6,56.0,98.0,37.0,85.14,3.1,0.0,10.4,25.39,3.78
2019-07-03,1.57,20.0,12.5,56.0,96.0,31.0,85.09,0.7,0.2,11.0,26.29,4.22
2019-07-04,1.56,18.5,12.2,57.0,98.0,30.0,85.15,1.4,28.1,9.0,23.3,3.58
2019-07-05,1.88,20.4,17.5,74.0,98.0,46.0,85.34,2.0,2.3,12.0,27.79,4.51
2019-07-06,1.86,20.5,17.1,74.0,96.0,51.0,85.29,1.0,6.6,11.0,26.29,4.43
2019-07-07,1.89,19.5,18.5,79.0,98.0,51.0,85.41,0.7,0.0,13.6,30.19,5.06
2019-07-08,1.68,18.5,14.9,55.0,98.0,35.0,85.17,4.1,0.0,12.4,28.39,3.9
2019-07-09,1.78,21.8,15.0,64.0,98.0,35.0,85.19,0.7,1.0,12.0,27.79,4.67
2019-07-10,1.96,22.7,16.8,68.0,98.0,40.0,85.16,0.8,29.0,12.8,28.99,4.99
2019-07-11,1.88,21.1,17.5,71.0,98.0,47.0,85.08,0.8,9.5,13.4,29.9,5.05
2019-07-12,1.79,19.5,15.5,68.0,98.0,40.0,85.04,2.0,3.8,12.6,28.7,4.36
2019-07-13,1.96,19.9,19.0,76.0,98.0,53.0,85.15,1.1,12.0,14.0,30.8,5.12
2019-07-14,1.96,19.9,19.0,76.0,98.0,53.0,85.15,1.1,0.0,14.0,30.8,5.12
2019-07-15,1.81,20.0,16.9,65.0,98.0,46.0,85.07,2.4,0.0,12.6,28.71,4.52
2019-07-16,1.74,20.3,15.2,62.0,98.0,38.0,85.16,0.9,1.4,12.6,28.71,4.66
2019-07-17,1.78,20.4,15.5,63.0,98.0,50.0,85.22,2.3,3.2,11.6,27.21,4.27
2019-07-18,1.97,21.6,17.5,72.0,98.0,45.0,85.15,0.9,2.3,14.8,32.02,5.36
2019-07-19,1.85,20.3,17.5,70.0,98.0,45.0,85.08,1.0,11.5,13.0,29.32,4.87
2019-07-20,1.62,17.2,14.9,73.0,97.0,51.0,85.17,0.7,7.1,11.0,26.31,4.14
2019-07-21,1.91,19.8,18.6,85.0,98.0,59.0,85.28,0.6,9.6,13.0,29.32,4.97
2019-07-22,1.71,18.9,15.8,67.0,98.0,44.0,85.18,0.8,0.0,10.0,24.81,4.08
2019-07-23,1.76,19.8,15.1,68.0,98.0,47.0,85.2,0.9,8.5,15.0,32.33,5.09
2019-07-24,1.9,20.9,16.1,72.0,98.0,48.0,85.26,1.6,5.5,15.0,32.33,5.05
2019-07-25,1.8,19.7,15.2,71.0,98.0,50.0,85.23,0.7,7.9,14.0,30.83,4.93
2019-07-26,1.82,20.2,16.7,72.0,98.0,56.0,85.27,1.2,7.8,14.6,31.74,5.09
2019-07-27,1.82,19.3,16.6,77.0,98.0,57.0,85.43,0.8,0.1,14.0,30.83,4.96
2019-07-28,1.67,17.2,16.1,75.0,98.0,51.0,85.47,1.2,5.5,12.8,29.03,4.45
2019-07-29,1.65,20.0,13.6,65.0,98.0,38.0,85.22,1.1,9.6,13.4,29.93,4.66
2019-07-30,1.72,18.6,16.2,65.0,98.0,42.0,85.21,1.0,5.6,13.0,29.33,4.65
2019-07-31,1.71,18.5,15.5,70.0,98.0,50.0,85.22,0.7,5.8,13.2,29.63,4.7
2019-08-01,1.81,17.1,15.9,72.0,98.0,46.0,85.22,1.4,13.3,13.0,29.32,4.3
2019-08-02,1.77,18.9,14.3,68.0,98.0,37.0,85.15,1.1,20.5,14.0,30.83,4.66
2019-08-03,1.85,21.2,17.2,81.0,98.0,55.0,85.12,1.2,0.0,13.0,29.32,4.89
2019-08-04,1.74,18.3,16.4,72.0,98.0,47.0,85.22,0.6,8.6,13.0,29.32,4.72
2019-08-05,1.89,20.0,17.3,74.0,98.0,51.0,85.21,2.0,8.9,13.4,29.92,4.67
2019-08-06,1.96,20.5,18.5,87.0,98.0,61.0,85.27,0.7,17.8,14.0,30.82,5.19
2019-08-07,1.86,20.9,17.7,69.0,98.0,52.0,85.12,1.1,1.6,15.0,32.32,5.32
2019-08-08,1.96,20.8,18.0,70.0,98.0,49.0,85.18,2.6,0.0,15.6,33.22,5.11
2019-08-09,1.82,20.2,16.0,65.0,98.0,39.0,85.11,0.6,0.0,13.0,29.29,4.81
2019-08-10,1.88,19.3,18.3,79.0,98.0,54.0,85.11,0.9,0.1,14.0,30.79,5.03
2019-08-11,1.83,19.5,17.1,70.0,98.0,46.0,85.33,1.7,4.2,14.8,31.99,4.95
2019-08-12,1.94,19.7,19.2,82.0,98.0,57.0,85.33,0.6,12.0,15.0,32.28,5.4
2019-08-13,1.83,19.0,17.6,64.0,98.0,46.0,85.11,2.6,0.0,14.2,31.06,4.65
2019-08-14,2.02,22.1,18.8,73.0,98.0,46.0,85.15,0.7,7.5,18.0,36.8,6.2
2019-08-15,1.85,20.2,17.0,66.0,98.0,43.0,85.27,2.1,0.0,13.4,29.83,4.65
2019-08-16,1.98,20.8,18.3,71.0,98.0,50.0,85.25,0.6,6.8,16.0,33.74,5.62
2019-08-17,1.8,19.4,17.0,77.0,95.0,54.0,85.15,0.6,0.7,13.8,30.4,4.95
2019-08-18,1.99,20.8,19.4,77.0,98.0,52.0,85.08,0.6,0.0,15.6,33.11,5.6
2019-08-19,2.12,25.6,19.2,67.0,98.0,45.0,84.91,0.8,21.0,16.8,34.9,6.21
2019-08-20,1.79,20.4,16.3,63.0,98.0,41.0,84.98,0.8,3.2,14.0,30.65,4.97
2019-08-21,1.99,22.1,17.0,72.0,98.0,47.0,85.13,3.4,0.0,16.0,33.65,5.03
2019-08-22,1.75,19.3,16.1,63.0,89.0,44.0,85.13,3.4,6.5,15.4,32.73,4.63
2019-08-23,1.75,19.0,14.4,63.0,98.0,43.0,85.13,1.2,11.6,14.0,30.59,4.58
2019-08-24,1.99,21.1,19.3,90.0,97.0,75.0,85.26,1.5,1.7,16.0,33.58,5.49
2019-08-25,2.08,21.4,19.2,83.0,98.0,53.0,85.23,0.6,0.0,16.0,33.56,5.68
2019-08-26,1.89,19.8,17.6,67.0,98.0,50.0,85.02,2.5,0.0,14.0,30.51,4.62
2019-08-27,1.74,19.6,14.6,61.0,98.0,39.0,85.01,2.6,4.6,14.0,30.49,4.35
2019-08-28,1.77,19.2,16.6,64.0,98.0,46.0,85.17,1.1,0.0,12.8,28.65,4.54
2019-08-29,1.79,20.3,15.9,62.0,98.0,38.0,85.16,1.7,1.3,14.2,30.73,4.74
2019-08-30,1.89,21.0,16.9,67.0,98.0,47.0,85.19,2.9,0.0,14.0,30.39,4.63
2019-08-31,1.7,18.8,14.6,73.0,97.0,45.0,85.19,0.6,0.0,14.0,30.36,4.7
2019-09-01,1.91,20.9,17.4,81.0,96.0,59.0,85.25,0.7,0.0,12.4,27.92,4.65
2019-09-02,2.1,24.2,18.4,79.0,96.0,59.0,85.12,1.2,4.0,14.0,30.29,5.25
2019-09-03,1.85,21.1,15.9,68.0,94.0,42.0,84.94,1.0,1.2,12.4,27.85,4.51
2019-09-04,2.04,21.9,18.7,76.0,94.0,54.0,85.02,2.8,21.0,14.4,30.81,4.89
2019-09-05,1.88,20.7,16.6,66.0,96.0,48.0,85.29,2.8,0.0,13.4,29.27,4.4
2019-09-06,2.0,21.9,18.0,77.0,91.0,60.0,85.31,1.0,5.0,17.0,34.61,5.63
2019-09-07,1.91,20.0,18.1,82.0,91.0,64.0,85.33,0.7,0.1,14.6,30.97,5.03
2019-09-08,1.94,19.8,19.2,81.0,94.0,57.0,85.33,1.3,24.9,15.0,31.52,5.05
2019-09-09,1.93,22.2,17.8,74.0,94.0,52.0,85.18,2.1,3.9,13.8,29.68,4.86
2019-09-10,1.97,21.3,18.9,76.0,96.0,52.0,85.17,3.4,16.5,14.0,29.93,4.72
2019-09-11,1.95,21.8,17.9,77.0,96.0,49.0,85.18,2.8,0.5,13.8,29.58,4.7
2019-09-12,2.06,23.1,18.9,78.0,96.0,58.0,85.04,0.7,6.8,14.8,31.02,5.3
2019-09-13,1.95,21.6,18.3,77.0,92.0,61.0,85.08,0.6,12.0,14.4,30.37,5.06
2019-09-14,1.93,20.9,17.3,85.0,96.0,69.0,85.22,0.8,39.6,15.6,32.09,5.14
2019-09-15,1.91,19.6,18.6,81.0,94.0,66.0,85.23,0.6,17.4,15.0,31.14,5.04
2019-09-16,1.98,22.3,17.6,75.0,98.0,59.0,85.11,0.8,1.4,13.2,28.42,4.74
2019-09-17,2.02,22.3,17.4,75.0,96.0,61.0,85.09,0.7,0.0,13.4,28.66,4.77
2019-09-18,2.02,21.0,18.9,79.0,96.0,66.0,85.08,2.1,19.0,16.2,32.72,5.07
2019-09-19,1.92,19.4,19.0,93.0,96.0,89.0,85.05,2.5,3.7,14.4,30.0,4.55
2019-09-20,1.89,20.7,17.4,72.0,96.0,57.0,84.99,2.5,0.0,14.0,29.35,4.48
2019-09-21,1.91,20.8,18.1,80.0,96.0,57.0,85.16,0.9,0.1,13.0,27.82,4.54
2019-09-22,2.01,21.6,19.0,83.0,94.0,65.0,85.22,0.8,0.0,15.0,30.68,5.06
2019-09-23,2.09,22.3,19.5,77.0,94.0,58.0,85.2,0.8,1.2,16.0,32.06,5.33
2019-09-24,2.06,22.7,18.9,76.0,96.0,50.0,85.03,1.2,25.5,15.8,31.7,5.22
2019-09-25,1.95,21.9,17.2,76.0,96.0,59.0,85.06,2.8,1.4,13.0,27.55,4.3
2019-09-26,2.02,21.6,18.3,72.0,98.0,52.0,84.99,1.2,0.0,15.0,30.38,4.87
2019-09-27,2.08,21.8,19.4,71.0,95.0,52.0,84.73,2.8,0.0,17.0,33.2,5.09
2019-09-28,2.08,21.7,19.6,85.0,96.0,62.0,84.76,0.7,2.1,17.0,33.11,5.43
2019-09-29,2.04,21.7,19.3,91.0,98.0,84.0,84.68,0.7,39.8,15.8,31.29,5.14
2019-09-30,1.86,19.7,17.7,82.0,96.0,71.0,84.96,3.8,1.1,15.0,30.06,4.26
2019-10-01,1.88,20.7,18.0,73.0,96.0,56.0,84.89,2.2,0.0,14.8,29.69,4.57
2019-10-02,1.96,22.6,17.8,71.0,96.0,51.0,84.88,2.6,4.9,15.0,29.89,4.74
2019-10-03,1.98,22.1,17.8,84.0,96.0,63.0,84.98,1.1,10.0,13.6,27.81,4.51
2019-10-04,1.94,21.5,17.2,77.0,96.0,53.0,85.16,0.8,3.8,12.8,26.59,4.28
2019-10-05,1.84,21.3,17.2,84.0,96.0,66.0,85.3,1.6,0.2,12.4,25.94,4.15
2019-10-06,2.01,20.9,19.2,81.0,96.0,61.0,85.24,1.6,5.0,16.8,32.09,4.96
2019-10-07,1.77,19.8,14.4,62.0,96.0,38.0,84.98,1.3,0.0,14.8,29.17,4.19
2019-10-08,1.56,17.7,14.0,70.0,88.0,53.0,85.09,2.0,0.0,12.0,25.13,3.52
2019-10-09,1.64,18.1,14.8,73.0,92.0,61.0,85.08,0.8,0.0,11.0,23.65,3.53
2019-10-10,1.97,21.4,18.4,79.0,92.0,56.0,85.05,0.8,6.3,13.0,26.38,4.27
2019-10-11,1.87,20.4,17.4,81.0,96.0,62.0,85.05,1.0,1.8,13.0,26.29,4.11
2019-10-12,1.91,20.9,18.3,82.0,94.0,65.0,85.08,0.9,0.0,15.0,28.99,4.55
2019-10-13,1.72,19.1,15.7,77.0,96.0,52.0,85.12,2.6,0.0,10.8,23.06,3.38
2019-10-14,2.1,24.1,18.4,78.0,96.0,55.0,85.02,1.4,11.3,13.0,26.03,4.36
2019-10-15,2.16,24.3,20.0,72.0,94.0,49.0,84.91,1.5,0.0,15.4,29.26,4.92
2019-10-16,2.14,22.5,20.3,75.0,93.0,59.0,84.79,1.5,5.9,17.0,31.37,5.02
2019-10-17,2.0,20.4,19.7,87.0,96.0,73.0,84.93,0.7,22.9,15.4,29.07,4.59
2019-10-18,2.0,20.9,19.0,83.0,98.0,68.0,84.9,1.7,0.0,15.0,28.42,4.37
2019-10-19,2.01,22.0,19.3,88.0,94.0,71.0,84.86,1.6,3.4,16.0,29.69,4.68
2019-10-20,2.0,20.5,18.8,90.0,98.0,78.0,84.82,3.8,10.6,16.0,29.59,4.16
2019-10-21,1.85,19.9,16.9,75.0,98.0,58.0,85.03,2.3,0.0,11.4,23.24,3.46
2019-10-22,1.89,21.5,16.8,78.0,96.0,52.0,85.08,1.3,6.3,13.0,25.32,3.91
2019-10-23,1.81,19.4,16.8,76.0,96.0,48.0,85.03,0.9,9.3,13.0,25.23,3.78
2019-10-24,1.79,19.1,16.6,82.0,98.0,58.0,84.98,1.0,0.0,12.6,24.61,3.65
2019-10-25,1.91,21.3,17.0,74.0,96.0,57.0,84.88,0.8,0.6,12.0,23.71,3.71
2019-10-26,1.83,20.1,16.9,81.0,94.0,62.0,84.97,2.4,0.0,12.0,23.63,3.51
2019-10-27,1.52,18.5,13.6,79.0,93.0,44.0,85.08,1.6,0.0,8.6,19.01,2.87
2019-10-28,1.73,20.9,14.7,72.0,96.0,50.0,84.97,2.4,0.0,9.0,19.47,3.06
2019-10-29,1.88,20.0,17.6,74.0,96.0,57.0,84.94,2.9,0.0,13.4,25.23,3.63
2019-10-30,1.9,21.0,17.9,76.0,96.0,57.0,85.05,2.5,0.0,13.4,25.14,3.8
2019-10-31,1.92,22.9,15.6,76.0,98.0,52.0,85.08,2.0,17.6,10.0,20.58,3.3
2019-11-01,1.78,19.8,15.1,69.0,96.0,47.0,85.35,1.1,0.0,14.8,26.8,3.77
2019-11-02,1.7,19.0,15.2,79.0,96.0,61.0,85.34,1.3,17.8,10.0,20.43,3.0
2019-11-03,1.75,17.8,17.2,79.0,94.0,59.0,85.34,1.6,0.0,14.0,25.57,3.55
2019-11-04,1.83,21.1,15.6,74.0,98.0,51.0,85.11,0.9,7.8,10.6,21.06,3.22
2019-11-05,1.9,20.5,16.3,75.0,98.0,58.0,85.14,0.9,0.0,11.0,21.51,3.24
2019-11-06,1.71,18.9,15.4,68.0,98.0,52.0,85.23,1.9,0.0,10.0,20.14,2.91
2019-11-07,1.88,21.3,17.0,71.0,96.0,49.0,85.19,1.2,0.0,11.4,21.87,3.37
2019-11-08,1.76,18.7,16.2,67.0,98.0,46.0,85.14,2.1,0.0,12.0,22.57,3.13
2019-11-09,1.61,17.0,15.2,72.0,86.0,54.0,85.34,1.8,0.0,11.0,21.21,2.88
2019-11-10,1.74,18.6,16.8,78.0,96.0,55.0,85.37,0.9,0.0,12.0,22.42,3.25
2019-11-11,1.83,20.7,16.4,71.0,98.0,51.0,85.1,1.4,0.0,12.4,22.85,3.37
2019-11-12,1.77,18.8,16.8,83.0,96.0,51.0,85.09,0.8,25.2,12.6,23.03,3.32
2019-11-13,1.67,17.8,15.3,84.0,98.0,67.0,85.12,2.7,0.1,12.0,22.2,2.91
2019-11-14,1.67,18.5,14.4,76.0,98.0,57.0,85.19,1.3,0.0,8.4,17.59,2.54
2019-11-15,1.76,19.4,16.3,77.0,96.0,63.0,85.26,1.5,0.0,12.0,22.06,3.16
2019-11-16,1.75,19.1,16.3,81.0,94.0,62.0,85.23,1.5,0.0,11.0,20.74,2.99
2019-11-17,1.7,17.4,16.8,85.0,96.0,70.0,85.14,2.4,0.0,11.8,21.67,2.95
2019-11-18,1.82,19.5,17.2,74.0,96.0,54.0,85.02,1.1,0.0,13.4,23.61,3.38
2019-11-19,1.91,20.6,16.5,76.0,94.0,59.0,85.06,2.4,0.0,12.0,21.8,3.07
2019-11-20,1.82,19.9,16.4,74.0,94.0,59.0,85.15,2.2,0.0,11.0,20.49,2.95
2019-11-21,1.78,20.2,14.4,76.0,98.0,53.0,85.18,2.6,0.0,9.0,17.96,2.55
2019-11-22,1.86,20.9,17.2,72.0,98.0,49.0,85.12,1.2,0.0,13.0,22.85,3.36
2019-11-23,1.84,20.4,16.7,85.0,98.0,62.0,85.19,2.0,0.0,13.0,22.79,3.24
2019-11-24,1.81,20.7,16.5,88.0,98.0,63.0,85.27,1.6,0.0,11.8,21.26,3.13
2019-11-25,1.82,21.0,15.7,77.0,96.0,56.0,84.98,2.5,0.0,10.4,19.48,2.89
2019-11-26,1.79,19.9,17.0,71.0,90.0,56.0,84.93,2.3,0.0,14.0,23.85,3.35
2019-11-27,1.7,19.8,14.5,71.0,96.0,48.0,85.09,3.6,0.0,8.6,17.19,2.54
2019-11-28,1.51,17.3,12.6,71.0,98.0,43.0,85.35,2.8,0.0,7.0,15.2,2.1
2019-11-29,1.58,19.1,13.3,73.0,98.0,39.0,85.41,1.1,0.0,8.0,16.38,2.38
2019-11-30,1.46,16.7,12.7,79.0,95.0,50.0,85.26,1.5,0.0,7.0,15.13,2.12
2019-12-01,1.58,19.1,13.4,70.0,96.0,48.0,85.33,1.6,0.0,8.0,16.31,2.39
2019-12-02,1.58,19.1,13.4,70.0,96.0,48.0,85.33,1.6,0.0,8.0,16.28,2.38
2019-12-03,1.88,20.5,16.8,76.0,96.0,54.0,85.3,3.0,0.0,8.0,16.25,2.52
2019-12-04,1.64,18.6,13.5,74.0,92.0,37.0,85.27,1.1,0.0,8.0,16.22,2.28
2019-12-05,1.62,19.2,13.2,72.0,98.0,48.0,85.22,2.1,0.0,8.0,16.19,2.32
2019-12-06,1.42,16.0,12.7,80.0,95.0,50.0,85.42,1.4,0.0,6.6,14.48,2.02
2019-12-07,1.35,15.5,11.2,73.0,96.0,47.0,85.6,1.2,0.0,9.0,17.35,2.19
2019-12-08,1.65,17.5,15.3,84.0,96.0,57.0,85.5,1.9,0.0,9.4,17.81,2.42
2019-12-09,1.63,19.6,12.6,73.0,98.0,52.0,85.14,2.2,0.0,7.2,15.14,2.2
2019-12-10,1.4,17.1,11.3,66.0,96.0,37.0,85.13,2.2,0.0,9.8,18.24,2.35
2019-12-11,1.23,15.1,9.5,63.0,95.0,31.0,85.29,2.7,0.0,3.8,11.04,1.7
2019-12-12,1.29,14.7,11.0,62.0,95.0,39.0,85.37,2.4,0.0,4.2,11.51,1.69
2019-12-13,1.26,11.6,10.4,58.0,98.0,37.0,85.21,1.7,0.0,4.8,12.21,1.44
2019-12-14,1.05,9.2,7.7,73.0,95.0,40.0,85.14,2.8,0.0,2.0,8.86,1.04
2019-12-15,1.2,11.8,9.6,82.0,98.0,39.0,85.24,2.8,0.0,4.0,11.24,1.34
2019-12-16,1.3,15.8,11.5,65.0,98.0,39.0,85.09,2.3,0.0,5.4,12.91,1.96
2019-12-17,1.46,16.0,12.8,72.0,98.0,45.0,85.03,2.0,0.0,8.0,16.01,2.09
2019-12-18,1.36,15.2,11.8,68.0,98.0,43.0,85.0,2.8,0.0,5.0,12.42,1.77
2019-12-19,1.34,15.4,11.0,71.0,97.0,50.0,85.11,3.3,0.0,3.8,10.99,1.65
2019-12-20,1.46,16.0,12.8,85.0,95.0,74.0,85.27,1.7,0.0,8.0,16.0,2.1
2019-12-21,1.43,15.2,13.9,91.0,94.0,89.0,85.25,1.3,0.4,6.0,13.61,1.95
2019-12-22,1.2,12.6,11.4,80.0,90.0,59.0,85.44,2.0,0.0,7.0,14.81,1.89
2019-12-23,1.2,13.3,10.4,79.0,95.0,52.0,85.35,1.4,0.0,3.6,10.76,1.56
2019-12-24,1.29,15.1,11.2,80.0,97.0,50.0,85.27,0.8,0.0,4.0,11.24,1.67
2019-12-25,1.34,16.2,11.5,82.0,98.0,56.0,85.08,2.2,0.0,4.6,11.96,1.86
2019-12-26,1.23,14.5,11.0,79.0,97.0,51.0,85.05,2.6,0.0,4.0,11.25,1.78
2019-12-27,1.26,14.5,11.2,80.0,98.0,49.0,85.12,3.5,0.0,4.0,11.26,1.77
2019-12-28,1.57,17.0,15.1,83.0,98.0,61.0,85.13,1.3,0.0,10.0,18.46,2.51
2019-12-29,1.57,17.0,15.1,83.0,98.0,61.0,85.13,1.3,0.0,10.0,18.48,2.51
2019-12-30,1.26,16.2,10.8,81.0,97.0,54.0,85.11,3.6,0.0,5.0,12.5,2.09
2019-12-31,1.29,15.5,10.7,82.0,95.0,56.0,85.28,2.4,0.0,4.0,11.31,1.75
2020-01-01,1.51,16.6,14.2,76.0,85.0,64.0,85.04,6.7,19.0,11.4,20.23,2.49
2020-01-02,1.6,16.8,15.6,93.0,98.0,78.0,84.76,4.8,3.4,10.0,18.57,2.46
2020-01-03,1.04,12.9,9.3,82.0,97.0,43.0,85.2,2.3,0.0,1.2,7.99,1.59
2020-01-04,0.88,10.2,8.2,69.0,97.0,42.0,85.81,2.7,0.0,2.6,9.69,1.7
2020-01-05,0.88,10.2,8.2,69.0,97.0,42.0,85.81,2.7,0.0,2.6,9.71,1.7
2020-01-06,1.0,13.3,8.0,58.0,94.0,30.0,85.43,2.7,0.0,1.0,7.79,1.64
2020-01-07,1.09,12.3,9.7,56.0,93.0,32.0,85.32,2.0,0.0,6.6,14.61,1.9
2020-01-08,1.09,12.6,9.3,58.0,95.0,38.0,85.38,1.3,0.0,3.0,10.26,1.55
2020-01-09,1.25,14.2,10.2,63.0,95.0,39.0,85.26,2.6,0.0,3.0,10.29,1.56
2020-01-10,1.16,13.3,10.2,60.0,95.0,45.0,85.2,3.2,0.0,3.0,10.31,1.68
2020-01-11,1.13,13.9,10.0,80.0,92.0,46.0,85.23,1.7,0.0,3.0,10.34,1.7
2020-01-12,1.1,12.2,9.7,76.0,95.0,44.0,85.29,1.3,0.0,2.0,9.14,1.46
2020-01-13,1.2,12.9,10.1,59.0,99.0,35.0,85.3,1.1,0.0,3.8,11.37,1.6
2020-01-14,1.23,13.6,10.6,58.0,95.0,37.0,85.22,2.0,0.0,3.4,10.91,1.62
2020-01-15,1.32,15.2,10.8,61.0,90.0,38.0,85.12,1.6,0.0,6.0,14.15,1.93
2020-01-16,1.42,16.8,12.3,63.0,95.0,39.0,85.14,1.7,0.0,6.0,14.19,2.09
2020-01-17,1.44,16.2,12.7,62.0,96.0,37.0,85.21,1.8,0.0,7.4,15.97,2.2
2020-01-18,1.28,14.3,11.6,78.0,93.0,50.0,85.31,1.4,0.0,5.0,13.03,1.88
2020-01-19,1.4,14.7,13.3,75.0,96.0,58.0,85.39,1.1,0.0,9.0,18.06,2.38
2020-01-20,1.49,16.3,13.3,63.0,85.0,47.0,85.5,1.7,0.0,9.0,18.11,2.41
2020-01-21,1.38,16.1,12.0,64.0,95.0,40.0,85.47,1.4,0.0,5.4,13.66,2.02
2020-01-22,1.53,18.7,13.7,72.0,98.0,43.0,85.15,1.8,0.0,7.4,16.22,2.49
2020-01-23,1.47,16.8,13.2,78.0,96.0,54.0,85.04,1.8,0.0,9.6,19.04,2.58
2020-01-24,1.37,15.8,11.5,69.0,95.0,45.0,85.05,2.6,0.0,5.0,13.29,1.94
2020-01-25,1.48,15.4,14.1,81.0,90.0,65.0,85.27,3.4,0.0,10.0,19.67,2.47
2020-01-26,1.31,13.9,12.1,74.0,87.0,50.0,85.37,2.1,0.0,9.2,18.72,2.34
2020-01-27,1.29,15.7,11.4,68.0,98.0,43.0,85.2,2.9,0.0,5.0,13.43,2.11
2020-01-28,1.01,12.4,8.3,60.0,94.0,32.0,84.97,2.1,0.0,0.8,8.11,1.55
2020-01-29,0.96,11.5,8.2,52.0,87.0,28.0,84.9,4.1,0.0,3.0,10.97,1.88
2020-01-30,1.36,15.6,12.7,78.0,88.0,70.0,85.03,1.8,0.1,10.0,20.01,2.67
2020-01-31,1.23,13.6,11.5,68.0,95.0,43.0,85.04,1.8,0.0,6.6,15.7,2.16
2020-02-01,1.24,12.8,12.0,74.0,89.0,54.0,85.32,1.7,0.0,8.0,17.57,2.28
2020-02-02,1.2,12.8,11.1,65.0,79.0,48.0,85.43,0.9,0.0,9.4,19.45,2.47
2020-02-03,1.54,17.2,13.8,89.0,96.0,75.0,85.25,3.6,20.0,11.0,21.61,2.8
2020-02-04,1.66,17.8,15.2,85.0,98.0,71.0,85.17,3.0,5.8,10.0,20.38,2.79
2020-02-05,1.7,18.2,15.9,89.0,98.0,77.0,84.91,2.0,1.2,11.6,22.55,3.16
2020-02-06,1.22,14.7,9.9,70.0,97.0,45.0,84.84,1.2,0.0,1.0,8.69,1.54
2020-02-07,1.09,14.0,8.6,62.0,97.0,35.0,84.96,2.0,0.0,1.0,8.73,1.65
2020-02-08,1.17,14.4,9.7,78.0,95.0,54.0,85.34,2.9,0.0,1.0,8.77,1.7
2020-02-09,1.28,15.5,10.4,79.0,95.0,50.0,85.37,3.5,0.0,3.0,11.46,1.9
2020-02-10,1.21,17.0,9.5,59.0,98.0,30.0,85.17,3.0,0.0,5.0,14.18,2.41
2020-02-11,1.1,14.6,9.0,58.0,95.0,26.0,85.08,3.0,0.0,2.0,10.22,1.95
2020-02-12,1.35,14.9,12.4,63.0,98.0,45.0,84.93,2.6,0.0,6.0,15.63,2.24
2020-02-13,1.23,14.8,11.3,60.0,98.0,39.0,85.0,2.7,0.0,4.2,13.27,2.16
2020-02-14,1.38,15.9,11.0,63.0,95.0,43.0,85.17,1.9,0.0,4.2,13.33,1.99
2020-02-15,1.39,15.5,12.2,79.0,95.0,50.0,85.36,1.7,0.0,7.0,17.17,2.42
2020-02-16,1.4,16.2,12.8,77.0,95.0,45.0,85.25,1.0,0.0,6.4,16.42,2.47
2020-02-17,1.45,17.5,12.3,63.0,93.0,33.0,84.87,2.0,0.0,7.0,17.31,2.59
2020-02-18,1.7,20.1,13.7,71.0,94.0,45.0,84.98,2.2,0.0,8.0,18.74,2.86
2020-02-19,1.55,19.2,12.6,67.0,91.0,38.0,85.18,2.0,0.0,8.0,18.81,2.85
2020-02-20,1.51,16.8,13.1,66.0,96.0,34.0,85.26,1.0,0.0,7.0,17.51,2.6
2020-02-21,1.48,16.3,13.8,64.0,93.0,39.0,85.44,1.9,0.0,9.0,20.33,2.88
2020-02-22,1.39,16.0,12.3,73.0,93.0,45.0,85.55,1.0,0.0,8.0,19.02,2.74
2020-02-23,1.39,16.0,12.3,73.0,93.0,45.0,85.55,1.0,0.0,8.0,19.1,2.75
2020-02-24,1.27,14.1,11.0,58.0,86.0,33.0,85.07,2.3,0.0,6.0,16.38,2.27
2020-02-25,1.35,16.0,11.3,65.0,88.0,44.0,84.91,2.5,0.0,7.0,17.84,2.53
2020-02-26,1.22,14.1,10.3,63.0,95.0,32.0,85.04,2.7,0.0,5.0,15.1,2.18
2020-02-27,1.24,14.1,11.1,60.0,90.0,35.0,85.3,2.1,0.0,7.0,17.97,2.5
2020-02-28,1.23,14.9,7.0,62.0,92.0,19.0,85.45,1.9,0.0,5.0,15.22,2.0
2020-02-29,1.43,17.8,12.1,76.0,95.0,50.0,85.52,0.9,0.0,8.0,19.51,2.94
2020-03-01,1.44,16.9,12.4,64.0,95.0,31.0,85.15,1.9,0.0,7.0,18.16,2.7
2020-03-02,1.44,16.9,12.4,64.0,95.0,31.0,85.15,1.9,0.0,7.0,18.23,2.71
2020-03-03,1.22,15.3,8.8,63.0,90.0,26.0,85.01,4.1,0.0,5.0,15.44,2.21
2020-03-04,1.24,14.2,10.3,66.0,92.0,40.0,85.11,2.8,0.0,5.0,15.5,2.21
2020-03-05,1.26,14.5,11.1,74.0,93.0,45.0,85.21,2.2,0.0,6.0,16.98,2.45
2020-03-06,1.36,16.6,11.7,64.0,91.0,41.0,85.37,2.2,0.0,5.0,15.6,2.48
2020-03-07,1.3,14.1,12.4,66.0,82.0,56.0,85.51,2.0,0.0,11.0,24.3,3.19
2020-03-08,1.3,14.1,12.4,66.0,82.0,56.0,85.51,2.0,0.0,11.0,24.38,3.21
2020-03-09,1.67,19.0,15.2,84.0,98.0,52.0,85.44,1.4,0.0,9.0,21.55,3.38
2020-03-10,1.67,19.0,14.8,68.0,94.0,43.0,85.48,2.2,0.0,9.0,21.62,3.29
2020-03-11,1.66,17.7,15.7,67.0,98.0,42.0,85.31,1.5,0.0,10.0,23.14,3.49
2020-03-12,1.71,22.0,14.9,69.0,98.0,38.0,85.04,1.4,0.0,10.0,23.21,3.86
2020-03-13,1.63,20.1,14.3,61.0,86.0,36.0,85.07,1.4,0.0,10.0,23.27,3.68
2020-03-14,1.59,18.1,15.1,73.0,94.0,40.0,85.27,0.3,0.0,10.0,23.34,3.68
2020-03-15,1.59,18.1,15.1,73.0,94.0,40.0,85.27,0.3,0.0,10.0,23.4,3.69
2020-03-16,1.88,20.9,17.0,78.0,92.0,53.0,85.37,1.1,14.5,15.0,30.82,4.84
2020-03-17,1.61,17.9,14.3,64.0,96.0,43.0,85.24,2.7,0.0,8.4,21.17,3.11
2020-03-18,1.65,19.8,13.2,64.0,96.0,40.0,85.23,2.8,0.0,7.8,20.34,3.12
2020-03-19,1.61,19.9,13.6,61.0,96.0,40.0,85.28,2.9,0.0,7.0,19.21,3.15
2020-03-20,1.61,19.3,13.1,58.0,96.0,37.0,85.31,0.9,0.0,8.0,20.74,3.29
2020-03-21,1.77,19.6,14.9,77.0,92.0,50.0,85.48,3.0,0.0,11.0,25.25,3.61
2020-03-22,1.65,18.6,15.6,73.0,96.0,38.0,85.31,3.8,0.0,10.4,24.41,3.62
2020-03-23,1.86,20.3,16.1,64.0,94.0,46.0,85.31,2.6,0.0,11.6,26.25,3.93
2020-03-24,1.64,18.0,13.9,56.0,89.0,37.0,85.22,4.3,0.0,8.6,21.83,2.95
2020-03-25,1.76,19.3,14.6,61.0,94.0,41.0,85.06,3.0,0.0,9.0,22.48,3.25
2020-03-26,1.8,19.5,15.3,61.0,96.0,43.0,84.96,4.1,0.0,9.6,23.43,3.29
2020-03-27,1.55,19.0,13.1,58.0,91.0,36.0,84.94,3.6,0.0,7.6,20.48,3.19
2020-03-28,1.48,17.0,13.0,71.0,93.0,43.0,85.03,3.2,0.0,7.0,19.62,2.9
2020-03-29,1.29,14.6,11.7,64.0,91.0,39.0,85.12,2.8,0.0,7.0,19.66,2.79
2020-03-30,1.48,16.2,12.8,55.0,91.0,37.0,85.13,3.2,0.0,7.4,20.3,2.81
2020-03-31,1.42,16.7,12.2,54.0,95.0,33.0,85.01,3.7,0.0,6.6,19.13,2.81
2020-04-01,1.42,16.4,12.5,53.0,89.0,32.0,84.96,4.3,0.0,8.4,21.89,3.02
2020-04-02,1.26,13.9,10.7,47.0,84.0,29.0,84.96,3.1,0.0,6.0,18.3,2.49
2020-04-03,1.31,14.2,11.7,49.0,84.0,31.0,84.92,4.2,0.0,7.0,19.85,2.61
2020-04-04,1.25,13.9,11.5,61.0,86.0,33.0,85.03,4.0,0.0,6.0,18.37,2.59
2020-04-05,1.06,12.2,9.2,56.0,79.0,24.0,85.02,3.7,0.0,5.0,16.88,2.41
2020-04-06,1.03,12.9,9.1,41.0,76.0,23.0,85.11,5.2,0.0,5.0,16.91,2.61
2020-04-07,0.98,13.3,8.0,39.0,79.0,18.0,85.2,5.0,0.0,5.0,16.94,2.71
2020-04-08,0.94,11.6,7.1,37.0,84.0,16.0,85.18,3.1,0.0,5.0,16.97,2.41
2020-04-09,1.04,12.4,9.0,38.0,75.0,20.0,85.14,3.3,0.0,4.4,16.08,2.42
2020-04-10,1.08,13.3,9.5,40.0,78.0,21.0,85.07,4.0,0.0,5.6,17.93,2.66
2020-04-11,1.21,13.8,10.9,55.0,81.0,27.0,85.07,3.8,0.0,8.0,21.61,2.89
2020-04-12,1.38,14.8,12.6,66.0,96.0,35.0,85.12,3.2,0.0,8.0,21.63,2.93
2020-04-13,1.23,14.7,11.1,46.0,86.0,27.0,85.25,3.7,0.0,6.0,18.61,2.77
2020-04-14,1.03,12.6,8.5,41.0,76.0,19.0,85.09,5.5,0.0,4.0,15.58,2.38
2020-04-15,0.99,11.1,9.1,38.0,79.0,20.0,85.05,4.2,0.0,3.0,14.08,2.23
2020-04-16,1.0,11.8,7.5,38.0,75.0,17.0,85.15,4.1,0.0,5.0,17.15,2.32
2020-04-17,1.25,14.1,9.9,44.0,68.0,32.0,85.3,4.6,0.0,8.0,21.74,2.62
2020-04-18,1.38,15.6,11.8,62.0,83.0,38.0,85.35,3.4,0.0,8.0,21.76,2.95
2020-04-19,1.51,16.5,13.2,67.0,89.0,36.0,85.24,3.5,0.0,8.8,23.0,3.13
2020-04-20,1.63,18.4,14.6,54.0,92.0,32.0,85.03,4.2,0.0,9.4,23.93,3.47
2020-04-21,1.56,17.9,12.7,50.0,94.0,28.0,85.02,4.1,0.0,9.0,23.34,3.17
2020-04-22,1.65,17.5,14.3,54.0,90.0,37.0,85.06,4.3,0.0,11.0,26.41,3.4
2020-04-23,1.26,14.5,11.1,42.0,75.0,28.0,84.94,4.3,0.0,8.0,21.84,2.91
2020-04-24,1.37,15.5,12.0,49.0,89.0,30.0,84.99,4.1,0.0,6.8,20.02,2.79
2020-04-25,1.44,16.4,11.7,63.0,83.0,34.0,85.09,3.2,0.0,8.0,21.87,2.98
2020-04-26,1.09,12.2,9.1,46.0,77.0,24.0,85.29,3.4,0.0,8.0,21.88,2.76
2020-04-27,1.34,16.4,10.7,44.0,72.0,28.0,85.25,4.6,0.0,8.2,22.19,3.01
2020-04-28,1.32,14.9,11.5,45.0,83.0,29.0,85.21,4.3,0.0,7.8,21.59,2.86
2020-04-29,1.19,13.4,9.9,39.0,70.0,24.0,85.07,2.8,0.0,6.4,19.47,2.65
2020-04-30,1.3,14.7,10.6,39.0,60.0,25.0,85.13,4.1,0.0,10.0,24.97,3.04
2020-05-01,1.46,19.1,12.2,54.0,74.0,34.0,85.27,2.0,1.4,9.4,24.06,3.78
2020-05-02,1.34,15.2,12.0,61.0,83.0,31.0,85.4,3.8,0.0,7.0,20.4,2.88
2020-05-03,1.29,14.1,11.5,56.0,78.0,29.0,85.28,4.0,0.0,8.0,21.93,2.85
2020-05-04,1.46,15.2,14.1,56.0,77.0,32.0,85.06,4.4,0.0,12.0,28.03,3.55
2020-05-05,1.51,17.1,13.5,54.0,72.0,36.0,85.03,1.3,6.3,12.0,28.04,4.17
2020-05-06,1.66,18.2,15.4,69.0,86.0,50.0,85.26,1.6,9.0,12.0,28.04,4.29
2020-05-07,1.72,18.0,16.5,78.0,94.0,55.0,85.29,1.3,0.1,13.4,30.17,4.67
2020-05-08,1.61,18.2,14.1,67.0,89.0,38.0,85.26,3.8,13.0,9.0,23.47,3.4
2020-05-09,1.68,18.1,15.3,72.0,96.0,48.0,85.23,1.7,0.0,9.6,24.39,3.79
2020-05-10,1.68,18.1,15.3,72.0,96.0,48.0,85.23,1.7,0.0,9.6,24.39,3.79
2020-05-11,1.4,16.2,12.5,60.0,85.0,31.0,85.41,2.6,0.0,8.6,22.87,3.32
2020-05-12,1.32,14.3,12.2,57.0,81.0,31.0,85.26,3.6,0.0,8.4,22.56,3.02
2020-05-13,1.54,17.3,13.7,66.0,89.0,40.0,85.13,3.7,0.0,8.6,22.87,3.28
2020-05-14,1.14,12.9,10.2,56.0,84.0,26.0,85.17,3.6,0.0,5.0,17.4,2.52
2020-05-15,0.87,10.1,6.6,44.0,77.0,19.0,85.04,3.7,0.0,4.4,16.49,2.32
2020-05-16,0.95,10.5,8.7,45.0,71.0,22.0,85.01,3.6,0.0,6.4,19.52,2.65
2020-05-17,0.95,10.5,8.7,45.0,71.0,22.0,85.01,3.6,0.0,6.4,19.52,2.65
2020-05-18,1.2,14.1,10.2,39.0,69.0,22.0,85.09,3.9,0.0,8.0,21.95,2.93
2020-05-19,1.2,14.0,10.2,40.0,72.0,22.0,85.06,2.6,0.0,7.0,20.43,2.87
2020-05-20,1.4,15.8,11.0,45.0,76.0,28.0,84.97,4.3,0.0,7.8,21.64,2.74
2020-05-21,1.62,18.9,13.6,53.0,87.0,33.0,84.93,2.9,0.0,8.8,23.15,3.5
2020-05-22,1.64,19.1,14.2,54.0,94.0,30.0,84.93,5.9,0.0,9.0,23.44,3.4
2020-05-23,1.41,15.0,12.9,61.0,93.0,30.0,84.99,3.6,0.0,8.0,21.93,2.97
2020-05-24,1.53,16.5,13.8,66.0,94.0,33.0,85.0,3.7,0.0,8.4,22.53,3.14
2020-05-25,1.19,14.8,9.9,46.0,95.0,24.0,84.77,4.5,0.0,5.6,18.3,2.72
2020-05-26,0.92,10.8,8.0,37.0,81.0,18.0,84.9,3.8,0.0,3.4,14.98,2.35
2020-05-27,0.85,11.3,6.2,33.0,77.0,14.0,84.99,4.2,0.0,4.4,16.49,2.54
2020-05-28,0.82,10.3,6.0,31.0,66.0,13.0,85.07,4.3,0.0,3.0,14.38,2.3
2020-05-29,1.23,13.3,11.0,41.0,76.0,24.0,84.98,1.7,2.0,7.0,20.4,2.91
2020-05-30,1.6,17.4,14.6,62.0,94.0,37.0,85.04,1.9,9.7,11.0,26.42,3.94
2020-05-31,1.51,16.4,13.7,67.0,89.0,41.0,85.08,1.3,0.2,8.8,23.1,3.53
2020-06-01,1.76,20.6,16.3,62.0,92.0,38.0,85.02,0.7,1.5,11.0,26.4,4.48
2020-06-02,1.82,19.6,16.7,57.0,90.0,40.0,85.0,3.0,0.0,13.0,29.4,4.42
2020-06-03,1.78,21.0,13.9,51.0,91.0,25.0,84.79,2.4,2.0,14.0,30.9,4.61
2020-06-04,1.72,22.2,9.3,47.0,91.0,16.0,84.62,1.9,0.0,15.0,32.39,4.66
2020-06-05,2.06,21.5,19.8,58.0,91.0,38.0,84.73,5.0,0.0,14.8,32.08,4.99
2020-06-06,1.95,20.3,18.1,74.0,91.0,53.0,84.93,3.9,0.0,14.0,30.87,4.59
2020-06-07,1.91,20.0,18.6,74.0,87.0,58.0,85.0,3.7,0.0,16.0,33.86,5.07
2020-06-08,1.86,19.8,17.9,60.0,85.0,45.0,85.01,3.4,0.0,16.0,33.86,5.04
2020-06-09,1.88,20.0,17.4,59.0,90.0,38.0,84.94,4.4,0.0,12.6,28.75,4.24
2020-06-10,1.78,18.8,15.5,54.0,90.0,31.0,85.08,1.5,0.0,13.0,29.34,4.48
2020-06-11,1.8,19.4,16.1,63.0,90.0,44.0,85.35,1.2,0.1,12.6,28.74,4.58
2020-06-12,1.82,19.4,15.7,60.0,83.0,43.0,85.29,1.7,10.7,12.0,27.83,4.29
2020-06-13,1.61,16.9,15.2,67.0,92.0,44.0,85.21,1.2,0.0,11.0,26.33,4.05
2020-06-14,1.92,20.7,18.1,73.0,89.0,48.0,85.14,1.5,1.2,14.0,30.82,5.07
2020-06-15,1.96,20.9,17.3,61.0,92.0,39.0,85.13,2.4,0.0,13.6,30.21,4.72
2020-06-16,1.91,20.4,16.5,59.0,91.0,34.0,85.14,3.2,0.0,14.0,30.81,4.5
2020-06-17,2.0,22.1,18.5,63.0,87.0,41.0,85.12,3.1,1.5,16.0,33.79,5.4
2020-06-18,1.89,20.8,17.6,63.0,89.0,36.0,85.04,3.4,11.6,14.0,30.8,4.78
2020-06-19,1.9,20.9,17.5,58.0,91.0,40.0,84.99,4.3,1.6,14.0,30.8,4.66
2020-06-20,1.9,19.5,18.1,79.0,90.0,57.0,85.21,1.4,12.3,14.0,30.79,4.96
2020-06-21,1.96,20.9,18.7,83.0,94.0,66.0,85.32,2.2,1.9,15.0,32.28,5.21
2020-06-22,2.0,21.0,17.6,68.0,92.0,44.0,85.18,2.9,11.4,15.8,33.48,5.03
2020-06-23,1.88,20.8,16.6,72.0,92.0,55.0,85.05,2.2,0.9,13.8,30.48,4.78
2020-06-24,1.75,19.9,15.9,69.0,86.0,49.0,84.89,2.3,3.1,13.0,29.29,4.55
2020-06-25,1.83,20.5,16.7,71.0,94.0,52.0,84.92,3.5,1.6,14.0,30.78,4.66
2020-06-26,1.85,19.3,16.9,74.0,96.0,55.0,85.18,4.4,0.0,14.8,31.97,4.39
2020-06-27,1.69,18.9,14.9,81.0,94.0,66.0,85.21,2.2,0.0,11.0,26.29,4.0
2020-06-28,1.73,18.1,16.0,67.0,90.0,43.0,85.15,3.2,0.0,12.4,28.39,4.04
2020-06-29,1.67,18.6,15.1,57.0,92.0,36.0,85.06,2.7,0.0,10.0,24.8,3.77
2020-06-30,1.97,22.3,16.5,67.0,89.0,47.0,85.03,1.3,3.0,16.0,33.77,5.51
2020-07-01,2.07,22.9,18.8,76.0,96.0,50.0,85.05,1.6,23.8,14.0,30.78,5.29
2020-07-02,1.99,20.9,19.0,81.0,94.0,65.0,85.14,1.2,3.5,14.0,30.78,5.19
2020-07-03,2.01,21.6,18.9,77.0,96.0,56.0,85.15,2.4,6.4,15.0,32.28,5.26
2020-07-04,2.06,22.6,19.8,81.0,99.0,64.0,85.23,1.0,13.8,16.0,33.77,5.87
2020-07-05,1.93,21.1,18.1,79.0,96.0,56.0,85.21,2.6,0.2,12.0,27.79,4.57
2020-07-06,2.02,21.4,18.7,68.0,94.0,46.0,85.05,2.0,8.8,13.8,30.49,5.02
2020-07-07,1.8,19.2,16.3,67.0,96.0,48.0,85.15,2.4,0.2,13.4,29.89,4.47
2020-07-08,1.93,19.9,18.5,78.0,94.0,69.0,85.17,3.5,0.5,15.4,32.89,4.91
2020-07-09,1.97,21.4,18.2,72.0,94.0,53.0,85.18,2.2,0.0,14.0,30.79,5.01
2020-07-10,1.83,19.6,17.1,64.0,84.0,41.0,85.24,1.6,0.0,16.0,33.79,5.26
2020-07-11,1.87,20.6,17.3,75.0,88.0,67.0,85.29,1.2,7.0,14.0,30.8,5.05
2020-07-12,2.01,21.1,18.7,80.0,96.0,53.0,85.33,2.6,0.0,15.0,32.3,5.11
2020-07-13,1.97,21.5,17.8,71.0,94.0,54.0,85.25,1.5,1.9,12.0,27.8,4.67
2020-07-14,2.08,23.2,18.7,68.0,94.0,49.0,85.19,1.8,0.1,13.6,30.21,5.2
2020-07-15,1.95,21.6,17.7,66.0,90.0,49.0,85.18,2.0,0.4,12.8,29.01,4.79
2020-07-16,1.89,20.7,16.3,75.0,92.0,45.0,85.27,2.7,25.5,16.0,33.81,5.0
2020-07-17,1.83,19.4,17.3,68.0,96.0,45.0,85.26,2.3,0.0,12.0,27.81,4.36
2020-07-18,1.91,21.6,16.4,81.0,92.0,71.0,85.25,0.6,3.4,12.0,27.81,4.73
2020-07-19,1.94,20.6,17.5,76.0,94.0,58.0,85.14,1.3,1.2,12.2,28.12,4.64
2020-07-20,1.83,21.0,15.5,64.0,96.0,39.0,85.1,0.6,0.0,11.0,26.31,4.43
2020-07-21,1.97,22.2,17.6,64.0,92.0,41.0,85.0,3.6,0.0,13.2,29.62,4.75
2020-07-22,2.05,21.3,19.2,79.0,94.0,57.0,85.11,2.9,0.6,13.2,29.62,4.78
2020-07-23,2.04,21.4,18.8,76.0,96.0,62.0,85.08,2.7,0.3,13.0,29.33,4.74
2020-07-24,2.07,22.2,18.7,73.0,94.0,53.0,85.06,2.1,0.4,13.0,29.33,4.9
2020-07-25,2.02,21.7,18.7,80.0,92.0,64.0,85.02,2.6,1.6,15.0,32.34,5.2
2020-07-26,2.06,21.7,19.9,83.0,94.0,60.0,85.1,2.4,0.0,14.6,31.74,5.28
2020-07-27,1.79,19.4,15.9,65.0,87.0,44.0,85.05,3.1,0.0,15.0,32.34,4.6
2020-07-28,1.94,21.3,17.2,70.0,94.0,49.0,85.01,2.8,21.1,13.0,29.33,4.61
2020-07-29,2.06,21.7,20.0,82.0,98.0,65.0,85.06,3.6,7.0,14.6,31.74,5.15
2020-07-30,2.05,21.7,19.2,82.0,98.0,63.0,85.19,3.0,0.1,15.0,32.34,5.17
2020-07-31,2.02,21.3,19.2,87.0,94.0,68.0,85.23,2.7,0.3,15.0,32.34,5.18
2020-08-01,1.98,20.8,19.0,80.0,89.0,65.0,85.28,1.4,6.1,16.0,33.85,5.54
2020-08-02,1.98,20.8,19.0,80.0,89.0,65.0,85.28,1.4,0.0,16.0,33.85,5.54
2020-08-03,1.97,20.3,18.8,87.0,94.0,70.0,85.38,0.9,6.4,16.0,33.84,5.59
2020-08-04,2.0,21.9,18.7,86.0,96.0,68.0,85.36,2.2,0.0,14.0,30.82,5.1
2020-08-05,2.03,22.5,18.2,82.0,94.0,63.0,85.25,1.3,0.9,14.0,30.82,5.22
2020-08-06,1.96,23.3,16.8,74.0,96.0,59.0,85.07,2.0,0.1,10.8,25.98,4.5
2020-08-07,1.89,20.7,17.2,68.0,96.0,53.0,85.09,2.1,0.0,11.2,26.57,4.31
2020-08-08,1.89,19.8,17.8,73.0,92.0,56.0,85.18,1.9,7.8,13.0,29.29,4.63
2020-08-09,2.01,20.7,19.4,88.0,96.0,81.0,85.3,2.1,1.5,15.0,32.3,5.2
2020-08-10,1.83,20.4,15.9,65.0,96.0,41.0,85.21,1.0,1.8,11.4,26.85,4.39
2020-08-11,2.01,21.6,18.8,78.0,91.0,58.0,85.03,1.2,27.8,14.8,31.98,5.36
2020-08-12,1.94,21.1,17.9,72.0,96.0,54.0,85.07,2.6,0.0,13.8,30.46,4.82
2020-08-13,1.72,18.5,15.8,70.0,90.0,54.0,85.13,1.9,0.1,14.0,30.75,4.56
2020-08-14,1.9,21.2,17.3,72.0,90.0,50.0,85.12,0.9,6.0,12.2,28.01,4.71
2020-08-15,1.7,20.2,15.1,75.0,92.0,58.0,85.08,2.0,3.7,10.0,24.67,3.98
2020-08-16,1.68,19.1,16.1,79.0,96.0,60.0,85.24,2.3,0.0,11.0,26.17,4.12
2020-08-17,1.8,19.7,16.5,67.0,90.0,48.0,85.23,2.4,2.0,12.0,27.67,4.26
2020-08-18,1.86,20.3,17.7,75.0,92.0,57.0,85.26,2.5,3.4,14.0,30.67,4.79
2020-08-19,1.83,19.8,16.8,69.0,96.0,51.0,85.13,2.5,0.0,11.2,26.42,4.11
2020-08-20,1.9,22.4,16.8,69.0,94.0,43.0,84.98,1.1,0.3,11.0,26.1,4.48
2020-08-21,2.05,22.1,18.9,72.0,96.0,55.0,84.99,1.6,0.0,14.6,31.52,5.25
2020-08-22,2.04,21.8,19.2,78.0,93.0,60.0,84.96,1.9,14.2,16.0,33.61,5.48
2020-08-23,1.98,20.4,19.3,81.0,96.0,60.0,84.96,1.1,2.0,13.0,29.06,4.87
2020-08-24,1.87,20.0,15.8,66.0,92.0,46.0,84.88,1.1,0.2,13.6,29.94,4.69
2020-08-25,1.93,22.3,18.1,68.0,91.0,49.0,84.76,2.5,26.3,14.0,30.51,5.05
2020-08-26,2.04,21.9,19.4,73.0,94.0,56.0,84.67,3.0,27.9,15.0,31.99,5.16
2020-08-27,1.95,20.6,18.6,88.0,96.0,77.0,84.89,4.5,1.5,14.8,31.66,4.69
2020-08-28,2.04,21.1,19.1,83.0,96.0,67.0,85.15,1.4,25.4,16.0,33.44,5.43
2020-08-29,1.97,20.9,17.7,86.0,96.0,67.0,85.17,1.8,5.6,15.0,31.9,5.0
2020-08-30,2.14,22.0,20.9,89.0,96.0,72.0,85.07,2.1,4.2,16.0,33.36,5.55
2020-08-31,1.9,19.8,18.4,70.0,87.0,55.0,85.11,2.3,0.2,16.0,33.33,5.08
2020-09-01,1.92,20.8,17.8,66.0,92.0,49.0,85.21,2.6,0.0,13.6,29.68,4.63
2020-09-02,1.96,22.5,17.2,70.0,92.0,49.0,85.13,1.5,0.0,13.6,29.65,4.89
2020-09-03,2.17,23.7,20.1,74.0,95.0,55.0,84.94,1.3,1.9,17.6,35.6,6.07
2020-09-04,1.91,20.5,18.1,63.0,94.0,47.0,84.92,0.4,0.0,14.0,30.16,5.03
2020-09-05,1.78,20.8,16.7,72.0,80.0,62.0,85.16,0.9,9.4,15.0,31.62,5.07
2020-09-06,1.99,20.2,19.6,83.0,96.0,63.0,85.32,1.3,3.7,15.0,31.57,5.12
2020-09-07,1.99,21.2,18.8,76.0,94.0,61.0,84.95,0.7,0.5,14.8,31.22,5.2
2020-09-08,1.94,20.5,18.4,71.0,94.0,51.0,84.73,2.2,0.0,16.0,32.96,5.08
2020-09-09,1.91,20.3,18.5,72.0,96.0,57.0,84.92,2.4,1.6,14.0,29.93,4.69
2020-09-10,2.03,21.5,19.5,72.0,94.0,52.0,85.12,2.6,26.3,15.0,31.37,5.02
2020-09-11,1.92,20.5,17.6,72.0,98.0,50.0,85.12,2.0,0.0,13.8,29.53,4.58
2020-09-12,1.92,19.8,18.1,78.0,94.0,57.0,85.07,2.5,0.0,15.0,31.26,4.66
2020-09-13,1.92,19.9,18.5,76.0,91.0,57.0,85.07,1.2,1.4,15.4,31.79,5.03
2020-09-14,1.91,20.3,17.7,68.0,96.0,46.0,85.12,2.0,0.0,15.0,31.14,4.76
2020-09-15,2.09,22.5,19.6,79.0,94.0,62.0,85.2,1.1,12.2,16.0,32.56,5.44
2020-09-16,2.11,22.4,20.3,79.0,96.0,62.0,85.13,2.2,0.5,16.0,32.49,5.34
2020-09-17,2.06,21.3,19.8,78.0,94.0,65.0,85.0,1.4,1.6,15.0,30.95,5.07
2020-09-18,2.07,22.7,19.6,77.0,94.0,53.0,84.94,0.7,2.0,17.0,33.82,5.68
2020-09-19,1.89,19.9,18.0,78.0,91.0,63.0,85.04,2.2,20.0,15.0,30.82,4.66
2020-09-20,1.9,19.8,18.3,79.0,96.0,60.0,85.11,1.9,0.0,14.0,29.28,4.52
2020-09-21,1.95,20.7,18.5,74.0,94.0,51.0,85.18,2.3,53.9,13.8,28.92,4.52
2020-09-22,2.07,22.0,19.3,82.0,96.0,62.0,85.19,1.2,14.6,15.0,30.6,5.03
2020-09-23,1.87,20.2,17.3,80.0,94.0,62.0,85.23,1.8,0.0,14.0,29.07,4.45
2020-09-24,1.97,21.1,17.6,70.0,94.0,54.0,85.07,1.6,0.0,15.0,30.46,4.72
2020-09-25,1.8,19.7,16.4,72.0,90.0,51.0,85.18,0.3,17.0,14.0,28.93,4.58
2020-09-26,1.77,19.6,15.8,83.0,98.0,63.0,85.24,0.9,1.6,12.0,25.96,4.03
2020-09-27,1.83,20.6,16.3,81.0,96.0,60.0,85.09,1.8,0.0,12.4,26.47,4.09
2020-09-28,2.06,22.9,19.0,70.0,94.0,54.0,84.85,1.9,0.0,15.0,30.14,4.93
2020-09-29,1.79,19.5,15.3,65.0,91.0,41.0,85.11,1.2,19.0,16.0,31.5,4.59
2020-09-30,1.42,16.9,12.1,56.0,76.0,43.0,85.23,1.3,0.0,11.0,24.24,3.42
2020-10-01,1.72,19.0,14.2,68.0,96.0,42.0,85.13,1.9,0.0,12.0,25.6,3.62
2020-10-02,1.0,12.0,8.0,41.0,62.0,32.0,85.11,1.3,0.0,9.0,21.24,2.72
2020-10-03,1.17,12.9,10.7,62.0,74.0,47.0,85.23,2.3,0.0,9.6,22.03,2.82
2020-10-04,1.47,15.7,14.0,72.0,94.0,51.0,85.24,1.9,0.0,9.6,21.96,3.08
2020-10-05,0.99,10.6,9.2,42.0,62.0,30.0,85.27,2.0,0.0,9.6,21.89,2.7
2020-10-06,1.29,17.4,8.8,58.0,96.0,29.0,85.14,1.6,1.3,12.0,25.21,3.35
2020-10-07,1.04,13.3,9.0,40.0,65.0,25.0,85.04,1.6,0.0,11.0,23.73,3.06
2020-10-08,1.55,18.8,13.4,62.0,91.0,35.0,85.02,2.4,0.0,9.4,21.4,3.19
2020-10-09,1.8,20.0,17.2,65.0,94.0,45.0,85.02,2.0,0.0,13.8,27.5,4.15
2020-10-10,1.74,17.9,16.8,72.0,90.0,51.0,85.17,2.4,2.9,13.9,27.55,3.84
2020-10-11,1.73,19.5,15.4,80.0,96.0,57.0,85.15,2.0,0.0,11.8,24.53,3.61
2020-10-12,1.83,19.5,17.0,73.0,94.0,56.0,85.08,2.4,0.0,15.0,28.9,4.11
2020-10-13,1.63,18.8,13.8,59.0,94.0,36.0,85.24,2.0,18.8,12.6,25.48,3.54
2020-10-14,1.88,20.6,17.2,72.0,96.0,50.0,85.25,2.3,5.0,13.4,26.5,3.96
2020-10-15,2.02,21.5,19.2,72.0,96.0,53.0,84.93,1.3,0.9,15.0,28.61,4.52
2020-10-16,1.5,19.2,11.6,53.0,94.0,28.0,85.07,0.6,0.0,14.8,28.24,3.95
2020-10-17,1.49,15.8,14.3,68.0,82.0,51.0,85.38,1.6,0.0,13.0,25.68,3.43
2020-10-18,1.83,19.5,17.0,78.0,96.0,57.0,85.25,1.1,2.6,13.0,25.59,3.84
2020-10-19,1.9,20.2,17.8,72.0,94.0,48.0,85.02,1.1,1.0,13.6,26.32,4.02
2020-10-20,1.95,21.0,17.5,70.0,96.0,51.0,84.9,1.7,0.0,12.8,25.14,3.83
2020-10-21,1.86,21.3,17.0,69.0,96.0,42.0,84.94,1.6,0.1,13.2,25.59,3.94
2020-10-22,1.95,21.5,17.9,70.0,96.0,49.0,85.02,2.0,0.0,13.4,25.77,3.97
2020-10-23,1.91,20.3,16.1,70.0,91.0,46.0,85.13,0.9,22.9,14.6,27.3,4.02
2020-10-24,1.95,20.6,18.6,84.0,96.0,62.0,85.32,1.1,0.0,13.0,25.06,3.9
2020-10-25,1.79,19.5,16.8,79.0,96.0,54.0,85.23,0.9,0.0,12.4,24.16,3.63
2020-10-26,1.85,20.5,15.9,70.0,96.0,38.0,84.9,3.1,0.0,11.0,22.21,3.21
2020-10-27,1.91,20.3,18.1,69.0,94.0,51.0,84.87,2.7,0.0,15.0,27.45,3.97
2020-10-28,1.84,19.5,17.1,67.0,90.0,46.0,84.89,2.5,0.0,14.0,26.03,3.66
2020-10-29,1.9,20.4,17.4,67.0,91.0,45.0,85.03,2.4,0.0,15.0,27.25,3.88
2020-10-30,1.7,18.7,14.5,65.0,92.0,47.0,85.18,1.3,0.0,14.0,25.84,3.53
2020-10-31,1.6,16.9,15.4,75.0,96.0,50.0,85.41,1.6,0.0,12.0,23.13,3.17
2020-11-01,1.94,20.9,18.3,81.0,91.0,63.0,85.49,1.2,0.0,15.0,26.97,4.05
2020-11-02,1.05,11.6,9.5,45.0,65.0,32.0,85.48,2.4,0.0,10.0,20.36,2.42
2020-11-03,1.05,12.2,8.7,48.0,65.0,38.0,85.35,2.0,0.0,8.8,18.72,2.3
2020-11-04,1.23,13.1,11.2,52.0,82.0,36.0,85.23,2.5,0.0,9.0,18.92,2.32
2020-11-05,0.95,10.6,8.4,42.0,59.0,27.0,85.13,2.2,0.0,10.0,20.14,2.36
2020-11-06,1.2,14.4,9.5,51.0,64.0,39.0,84.98,2.2,0.0,9.8,19.81,2.44
2020-11-07,1.33,16.2,11.1,74.0,91.0,51.0,85.06,2.1,0.0,6.0,14.86,2.18
2020-11-08,1.46,17.3,13.7,78.0,96.0,44.0,85.12,3.0,0.0,9.8,19.68,2.8
2020-11-09,1.31,15.2,10.8,58.0,93.0,39.0,85.12,2.5,0.0,6.6,15.52,2.1
2020-11-10,1.41,16.4,11.4,62.0,95.0,32.0,84.94,2.5,0.0,6.2,14.96,2.09
2020-11-11,1.59,17.9,13.1,66.0,95.0,50.0,85.0,2.5,0.0,8.4,17.7,2.4
2020-11-12,1.55,18.4,13.4,63.0,95.0,36.0,85.13,2.3,0.0,8.2,17.39,2.54
2020-11-13,1.58,18.7,13.1,65.0,95.0,36.0,85.2,3.0,0.0,8.0,17.08,2.46
2020-11-14,1.58,18.8,13.6,84.0,98.0,56.0,85.27,2.0,0.0,8.6,17.78,2.59
2020-11-15,1.65,18.0,15.2,84.0,98.0,54.0,85.24,2.4,0.0,12.0,21.99,2.94
2020-11-16,1.41,16.4,12.7,55.0,87.0,35.0,85.29,1.9,0.0,11.0,20.67,2.69
2020-11-17,1.17,13.3,10.7,59.0,67.0,46.0,85.59,1.6,0.0,10.8,20.36,2.46
2020-11-18,1.33,14.1,12.4,55.0,79.0,40.0,85.38,1.5,0.0,11.4,21.05,2.56
2020-11-19,1.21,13.5,11.1,53.0,75.0,37.0,85.36,1.9,0.0,9.4,18.5,2.3
2020-11-20,1.3,15.3,11.2,56.0,90.0,40.0,85.36,1.6,0.0,6.4,14.73,2.06
2020-11-21,1.36,15.3,12.3,69.0,89.0,49.0,85.43,2.1,0.0,8.4,17.17,2.27
2020-11-22,1.4,14.7,13.3,69.0,83.0,49.0,85.28,2.0,0.0,11.0,20.32,2.51
2020-11-23,1.34,16.8,10.6,54.0,88.0,42.0,85.19,1.5,0.0,7.0,15.35,2.15
2020-11-24,1.52,17.1,13.2,62.0,96.0,37.0,85.18,1.4,0.0,8.0,16.54,2.29
2020-11-25,1.57,18.2,14.6,62.0,98.0,37.0,85.24,2.3,0.0,9.6,18.46,2.64
2020-11-26,1.45,18.8,12.3,58.0,89.0,33.0,85.16,2.8,0.0,8.0,16.46,2.52
2020-11-27,1.58,19.1,13.5,62.0,98.0,31.0,85.11,2.8,0.0,8.4,16.91,2.5
2020-11-28,1.39,15.6,12.1,74.0,91.0,46.0,85.16,1.9,0.0,9.0,17.6,2.25
2020-11-29,1.64,19.1,14.4,78.0,94.0,58.0,85.12,2.3,0.0,10.0,18.78,2.65
2020-11-30,1.63,19.1,14.3,85.0,94.0,65.0,85.29,3.4,0.0,10.8,19.71,2.72
2020-12-01,1.53,16.8,14.5,81.0,96.0,55.0,85.27,4.5,0.0,10.2,18.95,2.49
2020-12-02,1.31,15.5,11.4,76.0,91.0,51.0,85.22,4.0,0.0,7.0,15.04,2.1
2020-12-03,1.36,15.5,10.5,67.0,93.0,49.0,85.07,4.8,0.0,5.2,12.84,1.67
2020-12-04,1.62,16.6,15.7,74.0,94.0,61.0,85.11,3.6,0.0,13.0,22.22,2.7
2020-12-05,1.54,18.0,14.0,82.0,96.0,53.0,85.33,3.6,0.0,9.4,17.85,2.52
2020-12-06,1.42,15.0,13.6,79.0,91.0,59.0,85.22,3.6,0.0,10.0,18.55,2.29
2020-12-07,1.55,18.0,14.3,72.0,86.0,62.0,85.23,1.2,0.5,12.0,20.93,2.79
2020-12-08,1.4,15.4,12.6,63.0,91.0,39.0,85.37,2.3,0.0,9.4,17.78,2.23
2020-12-09,1.45,15.4,13.6,77.0,93.0,52.0,85.55,2.5,0.0,8.6,16.8,2.17
2020-12-10,1.51,16.3,13.7,72.0,98.0,50.0,85.28,3.2,0.0,9.2,17.51,2.23
2020-12-11,1.51,16.1,13.9,68.0,98.0,43.0,85.06,2.8,0.0,9.4,17.73,2.26
2020-12-12,1.38,16.1,11.8,81.0,98.0,57.0,85.13,2.7,0.0,6.0,13.65,1.95
2020-12-13,1.55,16.9,14.7,80.0,96.0,54.0,85.25,3.1,0.0,10.0,18.42,2.45
2020-12-14,1.42,16.3,12.9,63.0,93.0,41.0,85.2,3.9,0.0,8.6,16.74,2.26
2020-12-15,1.42,15.7,12.3,68.0,98.0,50.0,85.12,3.6,0.0,6.8,14.58,1.92
2020-12-16,1.24,14.0,9.7,63.0,98.0,30.0,84.98,3.8,0.0,7.0,14.81,1.77
2020-12-17,1.2,14.9,9.0,61.0,95.0,28.0,85.18,3.3,0.0,4.6,11.94,1.76
2020-12-18,1.07,13.4,9.6,56.0,87.0,31.0,85.36,3.8,0.0,4.0,11.23,1.94
2020-12-19,1.04,12.2,9.2,73.0,92.0,45.0,85.43,1.2,0.0,3.0,10.03,1.53
2020-12-20,1.07,11.6,9.7,71.0,92.0,39.0,85.24,2.1,0.0,3.0,10.03,1.53
2020-12-21,1.07,12.3,9.3,68.0,85.0,39.0,85.25,2.4,0.0,4.0,11.23,1.67
2020-12-22,1.11,13.8,9.6,74.0,92.0,48.0,85.47,1.9,0.0,3.0,10.04,1.66
2020-12-23,1.09,12.2,9.6,71.0,87.0,43.0,85.4,2.3,0.0,4.0,11.24,1.64
2020-12-24,0.96,10.3,8.8,67.0,87.0,33.0,85.32,0.5,0.0,2.6,9.57,1.37
2020-12-25,0.88,9.4,7.7,56.0,85.0,38.0,85.41,2.8,0.0,3.0,10.06,1.58
2020-12-26,0.86,9.5,7.7,67.0,86.0,34.0,85.31,2.8,0.0,1.0,7.67,1.51
2020-12-27,0.86,9.5,7.7,67.0,86.0,34.0,85.31,2.8,0.0,1.0,7.68,1.51
2020-12-28,0.88,10.1,7.9,68.0,86.0,36.0,85.25,2.5,0.0,1.0,7.69,1.51
2020-12-29,0.91,10.5,7.9,69.0,95.0,30.0,85.24,3.8,0.0,2.0,8.9,1.66
2020-12-30,0.91,10.8,7.6,73.0,89.0,45.0,84.99,5.9,0.0,1.0,7.71,1.74
2020-12-31,1.06,11.1,10.0,74.0,86.0,54.0,84.74,4.1,0.0,1.0,7.72,1.49
